file,Topic 1,Topic 2,Topic 3,Topic 4,Topic 5,Topic 6,Topic 7,Topic 8,Topic 9,Topic 10,Topic 11,Topic 12,Topic 13,Topic 14,Topic 15,Topic 16,Topic 17,Topic 18,Topic 19,Topic 20,Topic 21,Topic 22,Topic 23,Topic 24,Topic 25,Topic 26,Topic 27,Topic 28,Topic 29,Topic 30,Topic 31,Topic 32,Topic 33,Topic 34,Topic 35,Topic 36,Topic 37,Topic 38,Topic 39,Topic 40,Topic 41,Topic 42,Topic 43,Topic 44,Topic 45,Topic 46,Topic 47,Topic 48,Topic 49,Topic 50
KingHenryVIPart2.txt,1.5052537e-06,1.5052537e-06,1.5052537e-06,1.5052537e-06,1.5052537e-06,1.5052537e-06,1.5052537e-06,1.5052537e-06,1.5052537e-06,1.5052537e-06,1.5052537e-06,1.5052537e-06,1.5052537e-06,1.5052537e-06,1.5052537e-06,1.5052537e-06,1.5052537e-06,1.5052537e-06,1.5052537e-06,1.5052537e-06,0.7180036,1.5052537e-06,1.5052537e-06,1.5052537e-06,1.5052537e-06,1.5052537e-06,0.009740904,1.5052537e-06,0.26210368,1.5052537e-06,1.5052537e-06,1.5052537e-06,1.5052537e-06,1.5052537e-06,1.5052537e-06,0.00748347,1.5052537e-06,1.5052537e-06,1.5052537e-06,1.5052537e-06,1.5052537e-06,1.5052537e-06,1.5052537e-06,1.5052537e-06,1.5052537e-06,0.0026006845,1.5052537e-06,1.5052537e-06,1.5052537e-06,1.5052537e-06
MerryWivesOfWindsor.txt,1.8224603e-06,1.8224603e-06,0.0014423248,1.8224603e-06,1.8224603e-06,1.8224603e-06,1.8224603e-06,1.8224603e-06,1.8224603e-06,1.8224603e-06,1.8224603e-06,1.8224603e-06,1.8224603e-06,1.8224603e-06,1.8224603e-06,1.8224603e-06,1.8224603e-06,1.8224603e-06,1.8224603e-06,1.8224603e-06,1.8224603e-06,1.8224603e-06,1.8224603e-06,1.8224603e-06,1.8224603e-06,1.8224603e-06,0.1473198,1.8224603e-06,0.32108352,1.8224603e-06,1.8224603e-06,1.8224603e-06,1.8224603e-06,1.8224603e-06,1.8224603e-06,0.5294607,1.8224603e-06,1.8224603e-06,1.8224603e-06,1.8224603e-06,1.8224603e-06,1.8224603e-06,1.8224603e-06,1.8224603e-06,1.8224603e-06,0.00061165664,1.8224603e-06,1.8224603e-06,1.8224603e-06,1.8224603e-06
KingHenryVIPart3.txt,1.5594899e-06,1.5594899e-06,1.5594899e-06,1.5594899e-06,1.5594899e-06,1.5594899e-06,1.5594899e-06,1.5594899e-06,1.5594899e-06,1.5594899e-06,1.5594899e-06,1.5594899e-06,1.5594899e-06,1.5594899e-06,1.5594899e-06,2.4385203e-05,1.5594899e-06,1.5594899e-06,1.5594899e-06,1.5594899e-06,0.9106753,1.5594899e-06,1.5594899e-06,1.5594899e-06,1.5594899e-06,1.5594899e-06,0.009709838,1.5594899e-06,0.078216456,1.5594899e-06,1.5594899e-06,1.5594899e-06,1.5594899e-06,1.5594899e-06,1.5594899e-06,1.5594899e-06,1.5594899e-06,1.5594899e-06,1.5594899e-06,1.5594899e-06,1.5594899e-06,1.5594899e-06,1.5594899e-06,1.5594899e-06,1.5594899e-06,0.0013039077,1.5594899e-06,1.5594899e-06,1.5594899e-06,1.5594899e-06
Tempest.txt,2.3426542e-06,2.3426542e-06,2.3426542e-06,2.3426542e-06,2.3426542e-06,2.3426542e-06,2.3426542e-06,2.3426542e-06,2.3426542e-06,2.3426542e-06,2.3426542e-06,2.3426542e-06,2.3426542e-06,2.3426542e-06,2.3426542e-06,2.3426542e-06,2.3426542e-06,2.3426542e-06,2.3426542e-06,2.3426542e-06,7.770539e-05,2.3426542e-06,2.3426542e-06,2.3426542e-06,2.3426542e-06,2.3426542e-06,2.3426542e-06,2.3426542e-06,0.99843824,2.3426542e-06,2.3426542e-06,2.3426542e-06,2.3426542e-06,2.3426542e-06,2.3426542e-06,2.3426542e-06,2.3426542e-06,2.3426542e-06,2.3426542e-06,2.3426542e-06,2.3426542e-06,2.3426542e-06,2.3426542e-06,2.3426542e-06,2.3426542e-06,0.0013739374,2.3426542e-06,2.3426542e-06,2.3426542e-06,2.3426542e-06
KingHenryVIPart1.txt,1.815358e-06,1.815358e-06,0.0021899934,1.815358e-06,1.815358e-06,1.815358e-06,1.815358e-06,1.815358e-06,1.815358e-06,1.815358e-06,1.815358e-06,1.815358e-06,1.815358e-06,1.815358e-06,1.815358e-06,0.0027926033,1.815358e-06,1.815358e-06,1.815358e-06,1.815358e-06,0.67708856,1.815358e-06,1.815358e-06,1.815358e-06,1.815358e-06,1.815358e-06,0.004136903,1.815358e-06,0.31181008,1.815358e-06,1.815358e-06,1.815358e-06,1.815358e-06,1.815358e-06,1.815358e-06,1.815358e-06,1.815358e-06,1.815358e-06,1.815358e-06,1.815358e-06,1.815358e-06,1.815358e-06,1.815358e-06,1.815358e-06,1.815358e-06,0.0019020048,1.815358e-06,1.815358e-06,1.815358e-06,1.815358e-06
Cymbeline.txt,1.4579276e-06,1.4579276e-06,1.4579276e-06,1.4579276e-06,1.4579276e-06,1.4579276e-06,1.4579276e-06,1.4579276e-06,1.4579276e-06,1.4579276e-06,1.4579276e-06,1.4579276e-06,1.4579276e-06,1.4579276e-06,1.4579276e-06,0.007030211,1.4579276e-06,1.4579276e-06,1.4579276e-06,1.4579276e-06,0.00334863,1.4579276e-06,1.4579276e-06,1.4579276e-06,1.4579276e-06,1.4579276e-06,0.004687505,1.4579276e-06,0.98434156,1.4579276e-06,1.4579276e-06,1.4579276e-06,1.4579276e-06,1.4579276e-06,1.4579276e-06,1.4579276e-06,1.4579276e-06,1.4579276e-06,1.4579276e-06,1.4579276e-06,1.4579276e-06,1.4579276e-06,1.4579276e-06,1.4579276e-06,1.4579276e-06,0.00052648445,1.4579276e-06,1.4579276e-06,1.4579276e-06,1.4579276e-06
Coriolanus.txt,1.4729031e-06,1.4729031e-06,1.4729031e-06,1.4729031e-06,1.4729031e-06,1.4729031e-06,1.4729031e-06,1.4729031e-06,1.4729031e-06,1.4729031e-06,1.4729031e-06,1.4729031e-06,1.4729031e-06,1.4729031e-06,1.4729031e-06,0.22091445,1.4729031e-06,1.4729031e-06,1.4729031e-06,1.4729031e-06,0.006764851,1.4729031e-06,1.4729031e-06,1.4729031e-06,1.4729031e-06,1.4729031e-06,0.040542014,1.4729031e-06,0.7308514,1.4729031e-06,1.4729031e-06,1.4729031e-06,1.4729031e-06,1.4729031e-06,1.4729031e-06,1.4729031e-06,1.4729031e-06,1.4729031e-06,1.4729031e-06,1.4729031e-06,1.4729031e-06,1.4729031e-06,1.4729031e-06,1.4729031e-06,1.4729031e-06,0.0008609665,1.4729031e-06,1.4729031e-06,1.4729031e-06,1.4729031e-06
TwoGentlemenofVerona.txt,2.254267e-06,2.254267e-06,2.254267e-06,2.254267e-06,2.254267e-06,2.254267e-06,2.254267e-06,2.254267e-06,2.254267e-06,2.254267e-06,2.254267e-06,2.254267e-06,2.254267e-06,2.254267e-06,2.254267e-06,2.254267e-06,2.254267e-06,2.254267e-06,2.254267e-06,2.254267e-06,0.020139609,2.254267e-06,2.254267e-06,2.254267e-06,2.254267e-06,2.254267e-06,0.6504407,2.254267e-06,0.32931378,2.254267e-06,2.254267e-06,2.254267e-06,2.254267e-06,2.254267e-06,2.254267e-06,2.254267e-06,2.254267e-06,2.254267e-06,2.254267e-06,2.254267e-06,2.254267e-06,2.254267e-06,2.254267e-06,2.254267e-06,2.254267e-06,2.254267e-06,2.254267e-06,2.254267e-06,2.254267e-06,2.254267e-06
MerchantofVenice.txt,1.8807292e-06,1.8807292e-06,1.8807292e-06,1.8807292e-06,1.8807292e-06,1.8807292e-06,1.8807292e-06,1.8807292e-06,1.8807292e-06,1.8807292e-06,1.8807292e-06,1.8807292e-06,1.8807292e-06,1.8807292e-06,1.8807292e-06,1.8807292e-06,1.8807292e-06,1.8807292e-06,1.8807292e-06,1.8807292e-06,0.0024295417,1.8807292e-06,1.8807292e-06,1.8807292e-06,1.8807292e-06,1.8807292e-06,0.37769264,1.8807292e-06,0.6127444,1.8807292e-06,1.8807292e-06,1.8807292e-06,1.8807292e-06,1.8807292e-06,1.8807292e-06,1.8807292e-06,1.8807292e-06,1.8807292e-06,1.8807292e-06,1.8807292e-06,1.8807292e-06,1.8807292e-06,1.8807292e-06,1.8807292e-06,1.8807292e-06,0.00704695,1.8807292e-06,1.8807292e-06,1.8807292e-06,1.8807292e-06
JuliusCaesar.txt,1.9667782e-06,1.9667782e-06,1.9667782e-06,1.9667782e-06,1.9667782e-06,1.9667782e-06,1.9667782e-06,1.9667782e-06,1.9667782e-06,1.9667782e-06,1.9667782e-06,1.9667782e-06,1.9667782e-06,1.9667782e-06,1.9667782e-06,0.11411906,1.9667782e-06,1.9667782e-06,1.9667782e-06,1.9667782e-06,0.0054836757,1.9667782e-06,1.9667782e-06,1.9667782e-06,1.9667782e-06,1.9667782e-06,0.0010682234,1.9667782e-06,0.4624792,1.9667782e-06,1.9667782e-06,1.9667782e-06,1.9667782e-06,1.9667782e-06,1.9667782e-06,1.9667782e-06,1.9667782e-06,1.9667782e-06,1.9667782e-06,1.9667782e-06,1.9667782e-06,1.9667782e-06,1.9667782e-06,1.9667782e-06,1.9667782e-06,0.41676134,1.9667782e-06,1.9667782e-06,1.9667782e-06,1.9667782e-06
KingHenryIVPart2.txt,1.4776086e-06,1.4776086e-06,1.4776086e-06,1.4776086e-06,1.4776086e-06,1.4776086e-06,1.4776086e-06,1.4776086e-06,1.4776086e-06,1.4776086e-06,1.4776086e-06,1.4776086e-06,1.4776086e-06,1.4776086e-06,1.4776086e-06,1.4776086e-06,1.4776086e-06,1.4776086e-06,1.4776086e-06,1.4776086e-06,0.14143804,1.4776086e-06,1.4776086e-06,1.4776086e-06,1.4776086e-06,1.4776086e-06,0.034054067,1.4776086e-06,0.519717,1.4776086e-06,1.4776086e-06,1.4776086e-06,1.4776086e-06,1.4776086e-06,1.4776086e-06,0.29067838,1.4776086e-06,1.4776086e-06,1.4776086e-06,1.4776086e-06,1.4776086e-06,1.4776086e-06,1.4776086e-06,1.4776086e-06,1.4776086e-06,0.014046069,1.4776086e-06,1.4776086e-06,1.4776086e-06,1.4776086e-06
KingHenryIVPart1.txt,1.603294e-06,1.603294e-06,0.0016555969,1.603294e-06,1.603294e-06,1.603294e-06,1.603294e-06,1.603294e-06,1.603294e-06,1.603294e-06,1.603294e-06,1.603294e-06,1.603294e-06,1.603294e-06,1.603294e-06,1.603294e-06,1.603294e-06,1.603294e-06,1.603294e-06,1.603294e-06,0.17565942,1.603294e-06,1.603294e-06,1.603294e-06,1.603294e-06,1.603294e-06,0.045211576,1.603294e-06,0.35404095,1.603294e-06,1.603294e-06,1.603294e-06,1.603294e-06,1.603294e-06,1.603294e-06,0.222258,1.603294e-06,1.603294e-06,1.603294e-06,1.603294e-06,1.603294e-06,1.603294e-06,1.603294e-06,1.603294e-06,1.603294e-06,0.20110396,1.603294e-06,1.603294e-06,1.603294e-06,1.603294e-06
Othello.txt,1.5025236e-06,1.5025236e-06,1.5025236e-06,1.5025236e-06,1.5025236e-06,1.5025236e-06,1.5025236e-06,1.5025236e-06,1.5025236e-06,1.5025236e-06,1.5025236e-06,1.5025236e-06,1.5025236e-06,1.5025236e-06,1.5025236e-06,1.5025236e-06,1.5025236e-06,1.5025236e-06,1.5025236e-06,1.5025236e-06,1.5025236e-06,1.5025236e-06,1.5025236e-06,1.5025236e-06,1.5025236e-06,1.5025236e-06,0.04053469,1.5025236e-06,0.9593932,1.5025236e-06,1.5025236e-06,1.5025236e-06,1.5025236e-06,1.5025236e-06,1.5025236e-06,1.5025236e-06,1.5025236e-06,1.5025236e-06,1.5025236e-06,1.5025236e-06,1.5025236e-06,1.5025236e-06,1.5025236e-06,1.5025236e-06,1.5025236e-06,1.5025236e-06,1.5025236e-06,1.5025236e-06,1.5025236e-06,1.5025236e-06
Winter'sTale.txt,1.6197633e-06,1.6197633e-06,1.6197633e-06,1.6197633e-06,1.6197633e-06,1.6197633e-06,1.6197633e-06,1.6197633e-06,1.6197633e-06,1.6197633e-06,1.6197633e-06,1.6197633e-06,1.6197633e-06,1.6197633e-06,1.6197633e-06,1.6197633e-06,1.6197633e-06,1.6197633e-06,1.6197633e-06,1.6197633e-06,0.00042872934,1.6197633e-06,1.6197633e-06,1.6197633e-06,1.6197633e-06,1.6197633e-06,0.034859903,1.6197633e-06,0.9588585,1.6197633e-06,1.6197633e-06,1.6197633e-06,1.6197633e-06,1.6197633e-06,1.6197633e-06,1.6197633e-06,1.6197633e-06,1.6197633e-06,1.6197633e-06,1.6197633e-06,1.6197633e-06,1.6197633e-06,1.6197633e-06,1.6197633e-06,1.6197633e-06,0.0057783667,1.6197633e-06,1.6197633e-06,1.6197633e-06,1.6197633e-06
All'sWellthatEndsWell.txt,1.7632628e-06,1.7632628e-06,0.00032576706,1.7632628e-06,1.7632628e-06,1.7632628e-06,1.7632628e-06,1.7632628e-06,1.7632628e-06,1.7632628e-06,1.7632628e-06,1.7632628e-06,1.7632628e-06,1.7632628e-06,1.7632628e-06,1.7632628e-06,1.7632628e-06,1.7632628e-06,1.7632628e-06,1.7632628e-06,0.0005666248,1.7632628e-06,1.7632628e-06,1.7632628e-06,1.7632628e-06,1.7632628e-06,0.08825633,1.7632628e-06,0.9107702,1.7632628e-06,1.7632628e-06,1.7632628e-06,1.7632628e-06,1.7632628e-06,1.7632628e-06,1.7632628e-06,1.7632628e-06,1.7632628e-06,1.7632628e-06,1.7632628e-06,1.7632628e-06,1.7632628e-06,1.7632628e-06,1.7632628e-06,1.7632628e-06,1.7632628e-06,1.7632628e-06,1.7632628e-06,1.7632628e-06,1.7632628e-06
AMidsummerNight'sDream.txt,2.3579682e-06,2.3579682e-06,2.3579682e-06,2.3579682e-06,2.3579682e-06,2.3579682e-06,2.3579682e-06,2.3579682e-06,2.3579682e-06,2.3579682e-06,2.3579682e-06,2.3579682e-06,2.3579682e-06,2.3579682e-06,2.3579682e-06,2.3579682e-06,2.3579682e-06,2.3579682e-06,2.3579682e-06,2.3579682e-06,2.3579682e-06,2.3579682e-06,2.3579682e-06,2.3579682e-06,2.3579682e-06,2.3579682e-06,0.03950885,2.3579682e-06,0.009595644,2.3579682e-06,2.3579682e-06,2.3579682e-06,2.3579682e-06,2.3579682e-06,2.3579682e-06,2.3579682e-06,2.3579682e-06,2.3579682e-06,2.3579682e-06,2.3579682e-06,2.3579682e-06,2.3579682e-06,2.3579682e-06,2.3579682e-06,2.3579682e-06,0.9507847,2.3579682e-06,2.3579682e-06,2.3579682e-06,2.3579682e-06
TamingoftheShrew.txt,1.8626815e-06,1.8626815e-06,1.8626815e-06,1.8626815e-06,1.8626815e-06,1.8626815e-06,1.8626815e-06,1.8626815e-06,1.8626815e-06,1.8626815e-06,1.8626815e-06,1.8626815e-06,1.8626815e-06,1.8626815e-06,1.8626815e-06,0.17118533,1.8626815e-06,1.8626815e-06,1.8626815e-06,1.8626815e-06,0.0054968693,1.8626815e-06,1.8626815e-06,1.8626815e-06,1.8626815e-06,1.8626815e-06,0.35814065,1.8626815e-06,0.44719106,1.8626815e-06,1.8626815e-06,1.8626815e-06,1.8626815e-06,1.8626815e-06,1.8626815e-06,0.015726848,1.8626815e-06,1.8626815e-06,1.8626815e-06,1.8626815e-06,1.8626815e-06,1.8626815e-06,1.8626815e-06,1.8626815e-06,1.8626815e-06,0.0021773132,1.8626815e-06,1.8626815e-06,1.8626815e-06,1.8626815e-06
KINGJOHN.txt,1.8507187e-06,1.8507187e-06,0.001120984,1.8507187e-06,1.8507187e-06,1.8507187e-06,1.8507187e-06,1.8507187e-06,1.8507187e-06,1.8507187e-06,1.8507187e-06,1.8507187e-06,1.8507187e-06,1.8507187e-06,1.8507187e-06,0.00010587999,1.8507187e-06,1.8507187e-06,1.8507187e-06,1.8507187e-06,0.34455988,1.8507187e-06,1.8507187e-06,1.8507187e-06,1.8507187e-06,1.8507187e-06,0.01881115,1.8507187e-06,0.32434717,1.8507187e-06,1.8507187e-06,1.8507187e-06,1.8507187e-06,1.8507187e-06,1.8507187e-06,1.8507187e-06,1.8507187e-06,1.8507187e-06,1.8507187e-06,1.8507187e-06,1.8507187e-06,1.8507187e-06,1.8507187e-06,1.8507187e-06,1.8507187e-06,0.3109735,1.8507187e-06,1.8507187e-06,1.8507187e-06,1.8507187e-06
TwelfthNight.txt,1.980886e-06,1.980886e-06,1.980886e-06,1.980886e-06,1.980886e-06,1.980886e-06,1.980886e-06,1.980886e-06,1.980886e-06,1.980886e-06,1.980886e-06,1.980886e-06,1.980886e-06,1.980886e-06,1.980886e-06,1.980886e-06,1.980886e-06,1.980886e-06,1.980886e-06,1.980886e-06,1.980886e-06,1.980886e-06,1.980886e-06,1.980886e-06,1.980886e-06,1.980886e-06,0.6622714,1.980886e-06,0.33763352,1.980886e-06,1.980886e-06,1.980886e-06,1.980886e-06,1.980886e-06,1.980886e-06,1.980886e-06,1.980886e-06,1.980886e-06,1.980886e-06,1.980886e-06,1.980886e-06,1.980886e-06,1.980886e-06,1.980886e-06,1.980886e-06,1.980886e-06,1.980886e-06,1.980886e-06,1.980886e-06,1.980886e-06
KingLear.txt,1.4572964e-06,1.4572964e-06,1.4572964e-06,1.4572964e-06,1.4572964e-06,1.4572964e-06,1.4572964e-06,1.4572964e-06,1.4572964e-06,1.4572964e-06,1.4572964e-06,1.4572964e-06,1.4572964e-06,1.4572964e-06,1.4572964e-06,1.4572964e-06,1.4572964e-06,1.4572964e-06,1.4572964e-06,1.4572964e-06,0.026974926,1.4572964e-06,1.4572964e-06,1.4572964e-06,1.4572964e-06,1.4572964e-06,0.021545151,1.4572964e-06,0.94502586,1.4572964e-06,1.4572964e-06,1.4572964e-06,1.4572964e-06,1.4572964e-06,1.4572964e-06,1.4572964e-06,1.4572964e-06,1.4572964e-06,1.4572964e-06,1.4572964e-06,1.4572964e-06,1.4572964e-06,1.4572964e-06,1.4572964e-06,1.4572964e-06,0.006387063,1.4572964e-06,1.4572964e-06,1.4572964e-06,1.4572964e-06
TroilusandCressida.txt,1.4537708e-06,1.4537708e-06,1.4537708e-06,1.4537708e-06,1.4537708e-06,1.4537708e-06,1.4537708e-06,1.4537708e-06,1.4537708e-06,1.4537708e-06,1.4537708e-06,1.4537708e-06,1.4537708e-06,1.4537708e-06,1.4537708e-06,0.43381098,1.4537708e-06,1.4537708e-06,1.4537708e-06,1.4537708e-06,0.009064701,1.4537708e-06,1.4537708e-06,1.4537708e-06,1.4537708e-06,1.4537708e-06,0.16763218,1.4537708e-06,0.38762832,1.4537708e-06,1.4537708e-06,1.4537708e-06,1.4537708e-06,1.4537708e-06,1.4537708e-06,1.4537708e-06,1.4537708e-06,1.4537708e-06,1.4537708e-06,1.4537708e-06,1.4537708e-06,1.4537708e-06,1.4537708e-06,1.4537708e-06,1.4537708e-06,0.0017984465,1.4537708e-06,1.4537708e-06,1.4537708e-06,1.4537708e-06
KINGRICHARDIII.txt,1.3073494e-06,1.3073494e-06,1.3073494e-06,1.3073494e-06,1.3073494e-06,1.3073494e-06,1.3073494e-06,1.3073494e-06,1.3073494e-06,1.3073494e-06,1.3073494e-06,1.3073494e-06,1.3073494e-06,1.3073494e-06,1.3073494e-06,1.3073494e-06,1.3073494e-06,1.3073494e-06,1.3073494e-06,1.3073494e-06,0.6722128,1.3073494e-06,1.3073494e-06,1.3073494e-06,1.3073494e-06,1.3073494e-06,0.02784659,1.3073494e-06,0.29613432,1.3073494e-06,1.3073494e-06,1.3073494e-06,1.3073494e-06,1.3073494e-06,1.3073494e-06,1.3073494e-06,1.3073494e-06,1.3073494e-06,1.3073494e-06,1.3073494e-06,1.3073494e-06,1.3073494e-06,1.3073494e-06,1.3073494e-06,1.3073494e-06,0.0037461729,1.3073494e-06,1.3073494e-06,1.3073494e-06,1.3073494e-06
MeasureForMeasure.txt,1.8468028e-06,1.8468028e-06,1.8468028e-06,1.8468028e-06,1.8468028e-06,1.8468028e-06,1.8468028e-06,1.8468028e-06,1.8468028e-06,1.8468028e-06,1.8468028e-06,1.8468028e-06,1.8468028e-06,1.8468028e-06,1.8468028e-06,1.8468028e-06,1.8468028e-06,1.8468028e-06,1.8468028e-06,1.8468028e-06,0.0007040824,1.8468028e-06,1.8468028e-06,1.8468028e-06,1.8468028e-06,1.8468028e-06,0.08908191,1.8468028e-06,0.9101272,1.8468028e-06,1.8468028e-06,1.8468028e-06,1.8468028e-06,1.8468028e-06,1.8468028e-06,1.8468028e-06,1.8468028e-06,1.8468028e-06,1.8468028e-06,1.8468028e-06,1.8468028e-06,1.8468028e-06,1.8468028e-06,1.8468028e-06,1.8468028e-06,1.8468028e-06,1.8468028e-06,1.8468028e-06,1.8468028e-06,1.8468028e-06
MuchAdoAboutNothing.txt,1.9011442e-06,1.9011442e-06,1.9011442e-06,1.9011442e-06,1.9011442e-06,1.9011442e-06,1.9011442e-06,1.9011442e-06,1.9011442e-06,1.9011442e-06,1.9011442e-06,1.9011442e-06,1.9011442e-06,1.9011442e-06,1.9011442e-06,0.00029721967,1.9011442e-06,1.9011442e-06,1.9011442e-06,1.9011442e-06,0.0014224945,1.9011442e-06,1.9011442e-06,1.9011442e-06,1.9011442e-06,1.9011442e-06,0.716095,1.9011442e-06,0.27816615,1.9011442e-06,1.9011442e-06,1.9011442e-06,1.9011442e-06,1.9011442e-06,1.9011442e-06,0.0039336407,1.9011442e-06,1.9011442e-06,1.9011442e-06,1.9011442e-06,1.9011442e-06,1.9011442e-06,1.9011442e-06,1.9011442e-06,1.9011442e-06,1.9011442e-06,1.9011442e-06,1.9011442e-06,1.9011442e-06,1.9011442e-06
TimonOfAthens.txt,2.0284956e-06,2.0284956e-06,2.0284956e-06,2.0284956e-06,2.0284956e-06,2.0284956e-06,2.0284956e-06,2.0284956e-06,2.0284956e-06,2.0284956e-06,2.0284956e-06,2.0284956e-06,2.0284956e-06,2.0284956e-06,2.0284956e-06,2.0284956e-06,2.0284956e-06,2.0284956e-06,2.0284956e-06,2.0284956e-06,0.0005915116,2.0284956e-06,2.0284956e-06,2.0284956e-06,2.0284956e-06,2.0284956e-06,0.001672494,2.0284956e-06,0.9942391,2.0284956e-06,2.0284956e-06,2.0284956e-06,2.0284956e-06,2.0284956e-06,2.0284956e-06,2.0284956e-06,2.0284956e-06,2.0284956e-06,2.0284956e-06,2.0284956e-06,2.0284956e-06,2.0284956e-06,2.0284956e-06,2.0284956e-06,2.0284956e-06,0.0034035763,2.0284956e-06,2.0284956e-06,2.0284956e-06,2.0284956e-06
KINGHENRYVIII.txt,1.6254673e-06,1.6254673e-06,0.0007198114,1.6254673e-06,1.6254673e-06,1.6254673e-06,1.6254673e-06,1.6254673e-06,1.6254673e-06,1.6254673e-06,1.6254673e-06,1.6254673e-06,1.6254673e-06,1.6254673e-06,1.6254673e-06,1.6254673e-06,1.6254673e-06,1.6254673e-06,1.6254673e-06,1.6254673e-06,0.14688972,1.6254673e-06,1.6254673e-06,1.6254673e-06,1.6254673e-06,1.6254673e-06,0.0055974633,1.6254673e-06,0.84671825,1.6254673e-06,1.6254673e-06,1.6254673e-06,1.6254673e-06,1.6254673e-06,1.6254673e-06,1.6254673e-06,1.6254673e-06,1.6254673e-06,1.6254673e-06,1.6254673e-06,1.6254673e-06,1.6254673e-06,1.6254673e-06,1.6254673e-06,1.6254673e-06,1.6254673e-06,1.6254673e-06,1.6254673e-06,1.6254673e-06,1.6254673e-06
AsYouLikeIt.txt,1.8750505e-06,1.8750505e-06,1.8750505e-06,1.8750505e-06,1.8750505e-06,1.8750505e-06,1.8750505e-06,1.8750505e-06,1.8750505e-06,1.8750505e-06,1.8750505e-06,1.8750505e-06,1.8750505e-06,1.8750505e-06,1.8750505e-06,0.0017402003,1.8750505e-06,1.8750505e-06,1.8750505e-06,1.8750505e-06,0.0019362457,1.8750505e-06,1.8750505e-06,1.8750505e-06,1.8750505e-06,1.8750505e-06,0.8259924,1.8750505e-06,0.17024492,1.8750505e-06,1.8750505e-06,1.8750505e-06,1.8750505e-06,1.8750505e-06,1.8750505e-06,1.8750505e-06,1.8750505e-06,1.8750505e-06,1.8750505e-06,1.8750505e-06,1.8750505e-06,1.8750505e-06,1.8750505e-06,1.8750505e-06,1.8750505e-06,1.8750505e-06,1.8750505e-06,1.8750505e-06,1.8750505e-06,1.8750505e-06
KINGRICHARDII.txt,1.6807869e-06,1.6807869e-06,1.6807869e-06,1.6807869e-06,1.6807869e-06,1.6807869e-06,1.6807869e-06,1.6807869e-06,1.6807869e-06,1.6807869e-06,1.6807869e-06,1.6807869e-06,1.6807869e-06,1.6807869e-06,1.6807869e-06,0.0013957593,1.6807869e-06,1.6807869e-06,1.6807869e-06,1.6807869e-06,0.7290878,1.6807869e-06,1.6807869e-06,1.6807869e-06,1.6807869e-06,1.6807869e-06,0.009766104,1.6807869e-06,0.24241465,1.6807869e-06,1.6807869e-06,1.6807869e-06,1.6807869e-06,1.6807869e-06,1.6807869e-06,1.6807869e-06,1.6807869e-06,1.6807869e-06,1.6807869e-06,1.6807869e-06,1.6807869e-06,1.6807869e-06,1.6807869e-06,1.6807869e-06,1.6807869e-06,0.01726001,1.6807869e-06,1.6807869e-06,1.6807869e-06,1.6807869e-06
RomeoandJuliet.txt,1.5208478e-06,1.5208478e-06,1.5208478e-06,1.5208478e-06,1.5208478e-06,1.5208478e-06,1.5208478e-06,1.5208478e-06,1.5208478e-06,1.5208478e-06,1.5208478e-06,1.5208478e-06,1.5208478e-06,1.5208478e-06,1.5208478e-06,1.5208478e-06,1.5208478e-06,1.5208478e-06,1.5208478e-06,1.5208478e-06,0.11069517,1.5208478e-06,1.5208478e-06,1.5208478e-06,1.5208478e-06,1.5208478e-06,0.5565217,1.5208478e-06,0.27873456,1.5208478e-06,1.5208478e-06,1.5208478e-06,1.5208478e-06,1.5208478e-06,1.5208478e-06,1.5208478e-06,1.5208478e-06,1.5208478e-06,1.5208478e-06,1.5208478e-06,1.5208478e-06,1.5208478e-06,1.5208478e-06,1.5208478e-06,1.5208478e-06,0.053978615,1.5208478e-06,1.5208478e-06,1.5208478e-06,1.5208478e-06
KINGHENRYV.txt,1.5206243e-06,1.5206243e-06,0.32015413,1.5206243e-06,1.5206243e-06,1.5206243e-06,1.5206243e-06,1.5206243e-06,1.5206243e-06,1.5206243e-06,1.5206243e-06,1.5206243e-06,1.5206243e-06,1.5206243e-06,1.5206243e-06,0.00014415946,1.5206243e-06,1.5206243e-06,1.5206243e-06,1.5206243e-06,0.09794827,1.5206243e-06,1.5206243e-06,1.5206243e-06,1.5206243e-06,1.5206243e-06,0.046067808,1.5206243e-06,0.51799357,1.5206243e-06,1.5206243e-06,1.5206243e-06,1.5206243e-06,1.5206243e-06,1.5206243e-06,0.010938156,1.5206243e-06,1.5206243e-06,1.5206243e-06,1.5206243e-06,1.5206243e-06,1.5206243e-06,1.5206243e-06,1.5206243e-06,1.5206243e-06,0.006688511,1.5206243e-06,1.5206243e-06,1.5206243e-06,1.5206243e-06
AntonyAndCleopatra.txt,1.5616887e-06,1.5616887e-06,1.5616887e-06,1.5616887e-06,1.5616887e-06,1.5616887e-06,1.5616887e-06,1.5616887e-06,1.5616887e-06,1.5616887e-06,1.5616887e-06,1.5616887e-06,1.5616887e-06,1.5616887e-06,1.5616887e-06,0.42852762,1.5616887e-06,1.5616887e-06,1.5616887e-06,1.5616887e-06,0.0011023578,1.5616887e-06,1.5616887e-06,1.5616887e-06,1.5616887e-06,1.5616887e-06,0.0001450117,1.5616887e-06,0.5680386,1.5616887e-06,1.5616887e-06,1.5616887e-06,1.5616887e-06,1.5616887e-06,1.5616887e-06,1.5616887e-06,1.5616887e-06,1.5616887e-06,1.5616887e-06,1.5616887e-06,1.5616887e-06,1.5616887e-06,1.5616887e-06,1.5616887e-06,1.5616887e-06,0.0021161756,1.5616887e-06,1.5616887e-06,1.5616887e-06,1.5616887e-06
Macbeth.txt,2.29256e-06,2.29256e-06,2.29256e-06,2.29256e-06,2.29256e-06,2.29256e-06,2.29256e-06,2.29256e-06,2.29256e-06,2.29256e-06,2.29256e-06,2.29256e-06,2.29256e-06,2.29256e-06,2.29256e-06,2.29256e-06,2.29256e-06,2.29256e-06,2.29256e-06,2.29256e-06,0.057308666,2.29256e-06,2.29256e-06,2.29256e-06,2.29256e-06,2.29256e-06,2.29256e-06,2.29256e-06,0.940977,2.29256e-06,2.29256e-06,2.29256e-06,2.29256e-06,2.29256e-06,2.29256e-06,2.29256e-06,2.29256e-06,2.29256e-06,2.29256e-06,2.29256e-06,2.29256e-06,2.29256e-06,2.29256e-06,2.29256e-06,2.29256e-06,0.0016065775,2.29256e-06,2.29256e-06,2.29256e-06,2.29256e-06
Love'sLaboursLost.txt,1.8545478e-06,1.8545478e-06,0.008481486,1.8545478e-06,1.8545478e-06,1.8545478e-06,1.8545478e-06,1.8545478e-06,1.8545478e-06,1.8545478e-06,1.8545478e-06,1.8545478e-06,1.8545478e-06,1.8545478e-06,1.8545478e-06,0.007842852,1.8545478e-06,1.8545478e-06,1.8545478e-06,1.8545478e-06,0.04125847,1.8545478e-06,1.8545478e-06,1.8545478e-06,1.8545478e-06,1.8545478e-06,0.734231,1.8545478e-06,0.19868684,1.8545478e-06,1.8545478e-06,1.8545478e-06,1.8545478e-06,1.8545478e-06,1.8545478e-06,1.8545478e-06,1.8545478e-06,1.8545478e-06,1.8545478e-06,1.8545478e-06,1.8545478e-06,1.8545478e-06,1.8545478e-06,1.8545478e-06,1.8545478e-06,0.009417759,1.8545478e-06,1.8545478e-06,1.8545478e-06,1.8545478e-06
Hamlet.txt,1.3252051e-06,1.3252051e-06,1.3252051e-06,1.3252051e-06,1.3252051e-06,1.3252051e-06,1.3252051e-06,1.3252051e-06,1.3252051e-06,1.3252051e-06,1.3252051e-06,1.3252051e-06,1.3252051e-06,1.3252051e-06,1.3252051e-06,1.4798834e-06,1.3252051e-06,1.3252051e-06,1.3252051e-06,1.3252051e-06,0.012021096,1.3252051e-06,1.3252051e-06,1.3252051e-06,1.3252051e-06,1.3252051e-06,0.08209624,1.3252051e-06,0.8546934,1.3252051e-06,0.037722584,1.3252051e-06,1.3252051e-06,1.3252051e-06,1.3252051e-06,1.3252051e-06,1.3252051e-06,1.3252051e-06,1.3252051e-06,1.3252051e-06,1.3252051e-06,1.3252051e-06,1.3252051e-06,1.3252051e-06,1.3252051e-06,0.013406866,1.3252051e-06,1.3252051e-06,1.3252051e-06,1.3252051e-06
ComedyofErrors.txt,2.6785233e-06,2.6785233e-06,2.6785233e-06,2.6785233e-06,2.6785233e-06,2.6785233e-06,2.6785233e-06,2.6785233e-06,2.6785233e-06,2.6785233e-06,2.6785233e-06,2.6785233e-06,2.6785233e-06,2.6785233e-06,2.6785233e-06,2.6785233e-06,2.6785233e-06,2.6785233e-06,2.6785233e-06,2.6785233e-06,0.000725848,2.6785233e-06,2.6785233e-06,2.6785233e-06,2.6785233e-06,2.6785233e-06,0.13714775,2.6785233e-06,0.8548183,2.6785233e-06,2.6785233e-06,2.6785233e-06,2.6785233e-06,2.6785233e-06,2.6785233e-06,0.0013542386,2.6785233e-06,2.6785233e-06,2.6785233e-06,2.6785233e-06,2.6785233e-06,2.6785233e-06,2.6785233e-06,2.6785233e-06,2.6785233e-06,0.0058333254,2.6785233e-06,2.6785233e-06,2.6785233e-06,2.6785233e-06
TitusAndronicus.txt,1.8327178e-06,1.8327178e-06,1.8327178e-06,1.8327178e-06,1.8327178e-06,1.8327178e-06,1.8327178e-06,1.8327178e-06,1.8327178e-06,1.8327178e-06,1.8327178e-06,1.8327178e-06,1.8327178e-06,1.8327178e-06,1.8327178e-06,0.008610089,1.8327178e-06,1.8327178e-06,1.8327178e-06,1.8327178e-06,0.2666853,1.8327178e-06,1.8327178e-06,1.8327178e-06,1.8327178e-06,1.8327178e-06,0.00010961085,1.8327178e-06,0.7157831,1.8327178e-06,1.8327178e-06,1.8327178e-06,1.8327178e-06,1.8327178e-06,1.8327178e-06,1.8327178e-06,1.8327178e-06,1.8327178e-06,1.8327178e-06,1.8327178e-06,1.8327178e-06,1.8327178e-06,1.8327178e-06,1.8327178e-06,1.8327178e-06,0.008729348,1.8327178e-06,1.8327178e-06,1.8327178e-06,1.8327178e-06
